{"cache_version": 2, "built_at": "2026-03-22T12:05:46.530529+00:00", "source_round_ids": ["a8be24e1-bd48-49bb-aa46-c5593da79f6f", "b3a0be6b-b48b-419d-916a-b7a77fa58c4d", "fd82f643-15e2-40e7-9866-8d8f5157081c", "597e60cf-d1a1-4627-ac4d-2a61da68b6df", "b0f9d1bf-4b71-4e6e-816c-19c718d29056", "3eb0c25d-28fa-48ca-b8e1-fc249e3918e9", "8f664aed-8839-4c85-bed0-77a2cac7c6f5", "cc5442dd-bc5d-418b-911b-7eb960cb0390", "d0a2c894-2162-4d49-86cf-435b9013f3b8", "7b4bda99-6165-4221-97cc-27880f5e6d95", "795bfb1f-54bd-4f39-a526-9868b36f7ebd", "324fde07-1670-4202-b199-7aa92ecb40ee", "75e625c3-60cb-4392-af3e-c86a98bde8c2", "2a341ace-0f57-4309-9b89-e59fe0f09179", "c5cdf100-a876-4fb7-b5d8-757162c97989", "36e581f1-73f8-453f-ab98-cbe3052b701b", "ae78003a-4efe-425a-881a-d16a39bca0ad", "fd3c92ff-3178-4dc9-8d9b-acf389b3982b", "8e839974-b13b-407b-a5e7-fc749d877195"], "source_round_numbers": [22, 21, 20, 19, 18, 17, 16, 15, 14, 13, 12, 11, 10, 9, 8, 7, 6, 5, 4], "code_probs": {"10": [0.999999764127072, 7.608804130012215e-08, 3.043521652004886e-08, 4.0580288693398484e-08, 7.608804130012215e-08, 1.2681340216687024e-08], "11": [0.8125757898271562, 0.13343635599125236, 0.008418815889205622, 0.012164945071986778, 0.03340409051354106, 2.706858088344067e-09], "4": [0.07215091104526947, 0.1394475245944017, 0.008222460485502764, 0.012689750170905, 0.7674893460434339, 7.660487148303315e-09], "1": [0.446636878176377, 0.310557124371599, 0.00394523786040251, 0.024772617573058778, 0.21408808249475678, 5.952380598072587e-08], "5": [8.546988384882102e-07, 5.128193030929261e-07, 2.0512772123717042e-07, 2.7350362831622724e-07, 5.128193030929261e-07, 0.9999976410312058], "2": [0.4921718866489783, 0.08705344188475911, 0.1607438084169517, 0.020267826982400296, 0.23976154797388696, 1.4880930236710957e-06]}, "code_counts": {"10": 19714, "11": 92358, "4": 32635, "1": 4200, "5": 2925, "2": 168}, "bucket_probs": {"10|9|1": [0.9999974576335822, 8.201181992620958e-07, 3.280472797048383e-07, 4.3739637293978444e-07, 8.201181992620958e-07, 1.3668636654368264e-07], "10|6|1": [0.9999994542256501, 1.7605624194113558e-07, 7.042249677645422e-08, 9.389666236860565e-08, 1.7605624194113558e-07, 2.9342706990189263e-08], "10|3|1": [0.9999994577262417, 1.7492701884424055e-07, 6.997080753769621e-08, 9.329441005026162e-08, 1.7492701884424055e-07, 2.9154503140706756e-08], "11|6|1": [0.9414692619614783, 0.028562901261704295, 0.0181868123253691, 0.0038054185389628133, 0.007975558546061256, 4.7366424433193823e-08], "4|6|1": [0.01760045671635243, 0.02867106362355582, 0.01830941183848857, 0.003630883520252052, 0.9317880407881686, 1.4351318261865939e-07], "11|3|1": [0.8400431093547068, 0.07134264667853264, 0.052291614450436834, 0.010126974175973085, 0.026195624963680938, 3.037666979414766e-08], "4|3|1": [0.05713749489843786, 0.07370177913376945, 0.05251785245376322, 0.010510713347257804, 0.8061320708810654, 8.928570631377633e-08], "11|9|1": [0.9903708186423512, 0.0055167374393240536, 0.0025545842232226183, 0.0006622996134280872, 0.0008951961807874145, 3.639008864989488e-07], "11|6|0": [0.9245658175685318, 0.0593785142090294, 5.27797286362803e-08, 0.005255101647885762, 0.010800491803270957, 2.1991553598450128e-08], "4|6|0": [0.021696467799608734, 0.06008450488196249, 1.4698674058335943e-07, 0.005323369788127369, 0.9128954492990855, 6.124447524306643e-08], "11|3|0": [0.8178781960420972, 0.13756060971379241, 1.406865475618188e-08, 0.012260246426060968, 0.03230092788745529, 5.86193948174245e-09], "4|3|0": [0.06935427011816946, 0.14309914641073931, 3.963535251089629e-08, 0.012768859105988805, 0.7747776682150197, 1.6514730212873458e-08], "11|1|0": [0.6986365744573646, 0.22582750277735444, 2.87081328037364e-08, 0.01874928153411759, 0.056786600561308645, 1.1961722001556834e-08], "11|9|0": [0.9887154297212595, 0.009272288135453947, 9.389658871345775e-07, 0.0007981210040643913, 0.0012128309375488303, 3.91235786306074e-07], "1|1|0": [0.4461206593201113, 0.31543137909014435, 1.5094336394921768e-07, 0.024895592160691277, 0.21355215559262075, 6.289306831217403e-08], "4|1|0": [0.12263002077413748, 0.2340510537552173, 8.00213299522365e-08, 0.0194645216664651, 0.6238542904406293, 3.3342220813431884e-08], "4|1|1": [0.11788760733494182, 0.14026400554381854, 0.0994381743151196, 0.019140444061673024, 0.6232694878456495, 2.8089879750033777e-07], "11|1|1": [0.7132783058590582, 0.12070550990169569, 0.09564416261079708, 0.017124231487324535, 0.0532476942822381, 9.585888651659452e-08], "10|1|1": [0.9999941139586963, 1.8987230011873982e-06, 7.594892004749592e-07, 1.0126522672999458e-06, 1.8987230011873982e-06, 3.1645383353123306e-07], "1|1|1": [0.4557550491610566, 0.22444419506200547, 0.07364436261737482, 0.02259997488891676, 0.22355530716076982, 1.1111098765445813e-06], "5|6|1": [8.926371715541527e-05, 5.355823029324916e-05, 2.1423292117299664e-05, 2.856438948973289e-05, 5.355823029324916e-05, 0.9997536321406509], "5|3|1": [2.8733353331747254e-05, 1.7240011999048352e-05, 6.89600479961934e-06, 9.19467306615912e-06, 1.7240011999048352e-05, 0.9999206959448044], "5|6|0": [5.882257440996841e-06, 3.5293544645981044e-06, 1.4117417858392415e-06, 1.882322381118989e-06, 3.5293544645981044e-06, 0.999983764969463], "5|3|0": [1.4628378621525753e-06, 8.777027172915451e-07, 3.5108108691661804e-07, 4.681081158888241e-07, 8.777027172915451e-07, 0.9999959625675005], "5|1|0": [3.930774964862803e-06, 2.3584649789176816e-06, 9.433859915670726e-07, 1.257847988756097e-06, 2.3584649789176816e-06, 0.999989151061097], "2|1|1": [0.4921718866489783, 0.08705344188475911, 0.1607438084169517, 0.020267826982400296, 0.23976154797388696, 1.4880930236710957e-06], "4|9|0": [0.001960345082408281, 0.00823785461596289, 2.643161908865097e-06, 0.0006387641279757319, 0.9891592916942822, 1.1013174620271239e-06], "4|9|1": [0.002732555491709796, 0.005581389940513621, 0.003468988886638677, 0.0008720921782052538, 0.9873440045116235, 9.689913091169484e-07], "5|1|1": [0.0001190085162494228, 7.140510974965369e-05, 2.856204389986147e-05, 3.80827251998153e-05, 7.140510974965369e-05, 0.9996715364951515], "5|9|0": [0.0001315311807817161, 7.891870846902966e-05, 3.1567483387611864e-05, 4.208997785014916e-05, 7.891870846902966e-05, 0.9996369739410423]}, "bucket_counts": {"10|9|1": 1829, "10|6|1": 8520, "10|3|1": 8575, "11|6|1": 5278, "4|6|1": 1742, "11|3|1": 8230, "4|3|1": 2800, "11|9|1": 687, "11|6|0": 11368, "4|6|0": 4082, "11|3|0": 42648, "4|3|0": 15138, "11|1|0": 20900, "11|9|0": 639, "1|1|0": 3975, "4|1|0": 7498, "4|1|1": 890, "11|1|1": 2608, "10|1|1": 790, "1|1|1": 225, "5|6|1": 28, "5|3|1": 87, "5|6|0": 425, "5|3|0": 1709, "5|1|0": 636, "2|1|1": 168, "4|9|0": 227, "4|9|1": 258, "5|1|1": 21, "5|9|0": 19}, "global_rates": {"survive": 0.3019608516483508, "port": 0.009975961538461536, "ruin": 0.02459935897435928, "forest": 0.21507554945054888, "empty": 0.4483882783882786, "expansion": 0.16358226010270285}, "global_class_marginals": [0.6518097368421145, 0.11969572368420484, 0.007167499999999943, 0.01082309210526943, 0.19126052631577947, 0.01924342105263173]}