{"seed_index": 3, "round_id": "fd82f643-15e2-40e7-9866-8d8f5157081c", "round_number": 20, "saved_at": "2026-03-22T03:02:25.710325+00:00", "alpha": 3.5, "fit_score": -0.20858743821850556, "budget": 8, "observations": [[[0], [0], [0], [0], [0], [0], [0], [0], [0], [0], [0], [0], [0, 0], [0, 0], [0, 0], [0], [0], [0], [0], [0], [0], [0], [0], [0], [0], [0, 0], [0, 0], [0], [0], [0], [0], [0], [0], [0], [0], [0], [0], [0], [0], [0]], [[0], [0], [0], [0], [4], [4], [0], [0], [0], [4], [4], [0], [3, 4], [0, 0], [4, 4], [0], [0], [0], [0], [0], [0], [0], [1], [1], [0], [0, 0], [0, 0], [0], [0], [0], [4], [4], [4], [0], [0], [0], [0], [0], [0], [0]], [[0], [0], [0], [0], [0], [4], [1], [0], [0], [0], [0], [0], [1, 4], [0, 0], [0, 0], [4], [0], [0], [0], [0], [0], [0], [0], [4], [0], [0, 0], [0, 0], [0], [0], [0], [0], [4], [0], [0], [0], [0], [0], [0], [0], [0]], [[0], [0], [4], [0], [0], [4], [0], [0], [4], [0], [0], [0], [4, 4], [0, 0], [0, 0], [4], [4], [0], [0], [0], [0], [0], [0], [0], [0], [0, 0], [0, 0], [4], [0], [0], [0], [4], [0], [0], [0], [0], [0], [4], [0], [0]], [[0], [4], [4], [0], [0], [0], [1], [0], [1], [0], [0], [0], [4, 4], [0, 0], [0, 0], [0], [0], [0], [0], [4], [0], [0], [0], [4], [4], [0, 0], [4, 3], [0], [1], [0], [0], [4], [0], [4], [0], [0], [0], [0], [0], [0]], [[0], [0], [0], [4], [0], [0], [0], [0], [0], [4], [0], [0], [0, 0], [0, 0], [4, 4], [0], [4], [4], [4], [0], [4], [0], [0], [0], [5], [0, 0], [0, 0], [0], [0], [1], [4], [4], [4], [0], [0], [0], [0], [0], [0], [0]], [[0], [0], [0], [0], [0], [0], [4], [0], [0], [4], [4], [4], [0, 0], [4, 4], [0, 0], [0], [0], [4], [4], [0], [4], [4], [0], [0], [5], [0, 0], [4, 1], [1], [0], [4], [0], [0], [4], [0], [0], [0], [0], [0], [4], [0]], [[0], [0], [4], [0], [0], [4], [0], [0], [0], [0], [4], [0], [0, 0], [0, 0], [0, 0], [4], [4], [4], [1], [0], [0], [4], [0], [0], [5], [0, 0], [0, 0], [4], [1], [0], [0], [1], [4], [0], [4], [0], [4], [4], [0], [0]], [[0], [0], [0], [4], [4], [0], [0], [0], [0], [0], [0], [0], [0, 0], [0, 0], [0, 0], [0], [3], [0], [0], [1], [0], [0], [0], [0], [0], [5, 5], [4, 4], [5], [0], [0], [0], [0], [4], [0], [4], [0], [0], [0], [0], [0]], [[0], [0], [0], [0], [0], [0], [0], [0], [0], [0], [0], [4], [0, 0], [0, 0], [0, 0], [0], [0], [4], [4], [0], [0], [4], [4], [0], [4], [0, 0], [4, 4], [5], [5], [0], [0], [4], [0], [0], [4], [0], [0], [4], [0], [0]], [[0], [0], [0], [0], [4], [0], [0], [0], [0], [0], [0], [0], [0, 0], [5, 5], [0, 1], [0], [0], [0], [0], [0], [0], [0], [4], [4], [0], [0, 0], [0, 0], [0], [5], [4], [4], [0], [4], [0], [0], [0], [0], [0], [0], [0]], [[0], [4], [0], [0], [0], [0], [0], [0], [4], [4], [0], [4], [0, 4], [0, 0], [0, 0], [5], [5], [0], [0], [4], [4], [0], [0], [4], [4], [0, 0], [0, 0], [4], [5], [0], [4], [0], [0], [0], [0], [4], [0], [0], [0], [0]], [[0], [0], [0], [0], [0], [0], [0], [0], [0], [4], [0], [4], [1, 0, 0, 0], [0, 0, 0, 0], [4, 4, 4, 4], [0, 0, 0], [5, 5, 5], [5, 5, 5], [5, 5, 5], [0, 0, 0], [5, 5, 5], [0, 0, 0], [0, 0, 0], [4, 4, 4], [4, 4, 4], [3, 0, 0, 0, 0], [1, 0, 0, 0, 4], [0, 0], [0, 0], [5, 5], [0, 0], [4, 4], [0, 0], [0, 0], [4, 4], [4, 4], [0, 0], [4, 4], [0, 0], [0, 0]], [[0], [0], [0], [0], [0], [0], [0], [0], [0], [0], [0], [0], [0, 0, 1, 0], [1, 4, 0, 0], [1, 4, 4, 4], [0, 0, 0], [0, 0, 0], [0, 0, 0], [4, 4, 4], [0, 0, 0], [4, 4, 4], [0, 0, 0], [5, 5, 5], [0, 0, 0], [4, 0, 4], [1, 0, 0, 0, 0], [4, 4, 4, 0, 4], [0, 0], [4, 0], [0, 0], [4, 4], [4, 4], [0, 0], [0, 0], [0, 0], [0, 0], [4, 4], [0, 0], [4, 4], [0, 0]], [[0], [0], [0], [0], [0], [0], [0], [0], [4], [0], [1], [4], [1, 0, 1, 0], [0, 0, 0, 0], [0, 0, 0, 4], [0, 0, 0], [0, 0, 0], [0, 0, 0], [4, 4, 4], [4, 4, 4], [0, 0, 0], [0, 0, 0], [0, 0, 0], [4, 4, 0], [0, 0, 0], [0, 0, 0, 0, 0], [1, 0, 4, 4, 0], [0, 0], [0, 0], [4, 4], [0, 0], [4, 4], [0, 0], [0, 0], [4, 4], [0, 0], [0, 0], [4, 4], [0, 0], [0, 0]], [[], [], [], [], [], [], [], [], [], [], [], [], [0, 0], [0, 0], [4, 4], [0, 0], [0, 0], [0, 4], [0, 0], [0, 0], [4, 4], [0, 0], [0, 4], [0, 0], [0, 0], [1, 4, 4], [4, 0, 0], [0], [4], [0], [0], [0], [4], [0], [0], [0], [4], [4], [4], [0]], [[], [], [], [], [], [], [], [], [], [], [], [], [0, 0], [0, 0], [0, 0], [0, 0], [0, 0], [0, 0], [0, 4], [4, 4], [4, 4], [0, 0], [0, 1], [0, 1], [0, 1], [0, 0, 0], [4, 4, 4], [0], [0], [0], [4], [0], [0], [0], [0], [0], [0], [0], [0], [0]], [[], [], [], [], [], [], [], [], [], [], [], [], [0, 0], [0, 0], [0, 0], [0, 0], [0, 0], [4, 4], [0, 4], [4, 4], [4, 4], [0, 0], [0, 0], [0, 0], [4, 1], [0, 0, 0], [0, 1, 0], [4], [4], [4], [0], [4], [0], [4], [0], [0], [0], [0], [0], [0]], [[], [], [], [], [], [], [], [], [], [], [], [], [0, 0], [0, 0], [0, 0], [0, 4], [0, 0], [0, 0], [0, 0], [4, 4], [0, 0], [0, 0], [4, 4], [0, 4], [0, 0], [0, 1, 0], [4, 4, 4], [1], [4], [1], [0], [0], [0], [0], [4], [0], [0], [0], [4], [0]], [[], [], [], [], [], [], [], [], [], [], [], [], [0, 0], [0, 0], [0, 1], [0, 0], [0, 0], [0, 0], [0, 0], [4, 4], [4, 4], [4, 4], [4, 4], [0, 4], [0, 0], [0, 0, 0], [0, 0, 0], [4], [1], [4], [0], [4], [4], [0], [0], [0], [5], [5], [5], [0]], [[], [], [], [], [], [], [], [], [], [], [], [], [4, 0], [0, 1], [0, 1], [0, 1], [4, 4], [4, 4], [0, 0], [0, 0], [4, 4], [0, 0], [0, 0], [0, 0], [4, 4], [0, 0, 0], [4, 4, 4], [1], [0], [0], [0], [0], [0], [0], [0], [0], [5], [0], [4], [0]], [[], [], [], [], [], [], [], [], [], [], [], [], [4, 1], [0, 0], [0, 1], [0, 0], [0, 0], [0, 4], [0, 0], [0, 0], [0, 0], [0, 0], [0, 0], [0, 0], [0, 0], [0, 0, 0], [4, 4, 4], [0], [0], [0], [0], [0], [5], [5], [5], [5], [0], [4], [4], [0]], [[], [], [], [], [], [], [], [], [], [], [], [], [0, 0], [4, 4], [0, 0], [0, 0], [0, 0], [3, 0], [3, 0], [3, 1], [4, 0], [1, 4], [0, 0], [4, 4], [0, 0], [0, 0, 0], [0, 0, 0], [0], [0], [0], [0], [0], [0], [0], [5], [0], [4], [0], [0], [0]], [[], [], [], [], [], [], [], [], [], [], [], [], [0, 0], [0, 0], [1, 0], [4, 0], [4, 4], [3, 4], [1, 0], [0, 1], [0, 0], [0, 0], [0, 4], [0, 0], [0, 0], [0, 0, 0], [0, 0, 0], [0], [0], [0], [0], [0], [0], [0], [0], [4], [5], [4], [0], [0]], [[], [], [], [], [], [], [], [], [], [], [], [], [4, 4], [0, 0], [4, 4], [0, 4], [0, 0], [1, 0], [4, 4], [0, 0], [3, 0], [0, 0], [0, 0], [4, 4], [0, 0], [0, 0, 0], [0, 0, 0], [0], [0], [0], [0], [4], [0], [4], [4], [0], [4], [0], [0], [0]], [[], [], [], [], [], [], [], [], [], [], [], [], [0, 0, 0, 0], [0, 0, 0, 0], [0, 0, 0, 0], [0, 0, 0, 0], [0, 0, 0, 0], [1, 0, 0, 0], [0, 4, 0, 0], [3, 0, 0, 0], [0, 0, 0, 0], [4, 4, 4, 4], [0, 0, 0, 0], [4, 4, 4, 4], [0, 0, 0, 0], [0, 0, 0, 0, 0], [0, 0, 0, 0, 0], [4], [0], [0], [0], [0], [0], [0], [0], [0], [0], [0], [0], [0]], [[], [], [], [], [], [], [], [], [], [], [], [], [4, 4, 4, 4], [0, 0, 0, 0], [0, 0, 0, 0], [4, 4, 4, 4], [4, 4, 4, 4], [4, 4, 4, 4], [4, 4, 4, 4], [4, 4, 4, 4], [0, 0, 0, 0], [4, 4, 4, 4], [0, 0, 0, 0], [0, 0, 0, 0], [0, 0, 0, 0], [4, 4, 4, 4, 4], [0, 0, 0, 0, 0], [0], [0], [0], [0], [4], [0], [4], [4], [0], [0], [0], [0], [0]], [[], [], [], [], [], [], [], [], [], [], [], [], [0, 0], [0, 0], [0, 0], [0, 0], [4, 4], [4, 4], [4, 4], [0, 0], [4, 0], [0, 0], [0, 0], [4, 4], [0, 0], [0, 0], [0, 0], [], [], [], [], [], [], [], [], [], [], [], [], []], [[], [], [], [], [], [], [], [], [], [], [], [], [4, 4], [0, 0], [0, 0], [4, 4], [4, 4], [4, 4], [4, 4], [4, 4], [0, 0], [0, 0], [0, 0], [4, 4], [4, 4], [4, 4], [0, 0], [], [], [], [], [], [], [], [], [], [], [], [], []], [[], [], [], [], [], [], [], [], [], [], [], [], [4, 4], [0, 0], [0, 0], [0, 0], [4, 4], [0, 0], [4, 4], [0, 1], [0, 1], [4, 1], [0, 0], [4, 4], [0, 0], [4, 4], [4, 4], [], [], [], [], [], [], [], [], [], [], [], [], []], [[], [], [], [], [], [], [], [], [], [], [], [], [0, 0], [4, 4], [0, 0], [0, 0], [4, 4], [0, 0], [0, 1], [0, 1], [0, 1], [0, 1], [4, 4], [4, 4], [4, 4], [4, 4], [0, 0], [], [], [], [], [], [], [], [], [], [], [], [], []], [[], [], [], [], [], [], [], [], [], [], [], [], [0, 0], [0, 0], [0, 0], [0, 0], [4, 4], [4, 4], [0, 0], [0, 1], [4, 1], [0, 0], [4, 4], [4, 4], [0, 0], [0, 0], 